SLUG,PRODUCT,DESCRIPTION,SUPPLIER,STYLE,BLACK,WHITE,MONUMENT,CREAM,CUSTOM,POLISHED_STAINLESS_STEEL,SATIN_STAINLESS_STEEL,MATT_BLACK,PEARL_WHITE_GLOSS,SURFMIST_MATT,DUNE_SATIN,BASALT_SATIN,WOODLAND_GREY_MATT,MONUMENT_MATT,BLACK_SATIN,KWILA_TEXTURED,WESTERN_RED_CEDAR
panel_options+even+2400,Panel - STD,PoolSafe Panel Black 1200H x 2400W,JG,flat_top,FTP-P2400-B-JG,FTP-P2400-W-JG,FTP-P2400-M-JG,FTP-P2400-C-JG,OFF,,,,,,,,,,,,
panel_options+full+2400,Panel - STD,PoolSafe Panel Black 1200H x 2400W,JG,flat_top,FTP-P2400-B-JG,FTP-P2400-W-JG,FTP-P2400-M-JG,FTP-P2400-C-JG,OFF,,,,,,,,,,,,
panel_options+full+3000,Panel - 3m,PoolSafe Panel Black 1200H x 3000W,JG,flat_top,FTP-P3000-B-JG,FTP-P3000-CPC-JG,FTP-P3000-CPC-JG,FTP-P3000-CPC-JG,FTP-P3000-CPC-JG,,,,,,,,,,,,
left_raked_panel+1300x300,1300H - 300 Step-Up,LEFT Raked Panels,JG,flat_top,FTP-RP1300-B-JG,FTP-RP1300-CPC-JG,FTP-RP1300-CPC-JG,FTP-RP1300-CPC-JG,OFF,,,,,,,,,,,,
left_raked_panel+1400x400,1400H - 400 Step-Up,LEFT Raked Panels,JG,flat_top,FTP-RP1400-B-JG,FTP-RP1400-CPC-JG,FTP-RP1400-CPC-JG,FTP-RP1400-CPC-JG,OFF,,,,,,,,,,,,
left_raked_panel+1500x500,1500H - 500 Step-Up,LEFT Raked Panels,JG,flat_top,FTP-RP1500-B-JG,FTP-RP1500-CPC-JG,FTP-RP1500-CPC-JG,FTP-RP1500-CPC-JG,OFF,,,,,,,,,,,,
left_raked_panel+1600x600,1600H - 600 Step-Up,LEFT Raked Panels,JG,flat_top,FTP-RP1600-B-JG,FTP-RP1600-CPC-JG,FTP-RP1600-CPC-JG,FTP-RP1600-CPC-JG,OFF,,,,,,,,,,,,
left_raked_panel+1700x700,1700H - 700 Step-Up,LEFT Raked Panels,JG,flat_top,FTP-RP1700-B-JG,FTP-RP1700-CPC-JG,FTP-RP1700-CPC-JG,FTP-RP1700-CPC-JG,OFF,,,,,,,,,,,,
left_raked_panel+1800x600,1800H - 600 Step-Up,LEFT Raked Panels,JG,flat_top,FTP-RP1800-B-JG,FTP-RP1800-CPC-JG,FTP-RP1800-CPC-JG,FTP-RP1800-CPC-JG,OFF,,,,,,,,,,,,
right_raked_panel+1300x300,1300H - 300 Step-Up,RIGHT Raked Panels,JG,flat_top,FTP-RP1300-B-JG,FTP-RP1300-CPC-JG,FTP-RP1300-CPC-JG,FTP-RP1300-CPC-JG,OFF,,,,,,,,,,,,
right_raked_panel+1400x400,1400H - 400 Step-Up,RIGHT Raked Panels,JG,flat_top,FTP-RP1400-B-JG,FTP-RP1400-CPC-JG,FTP-RP1400-CPC-JG,FTP-RP1400-CPC-JG,OFF,,,,,,,,,,,,
right_raked_panel+1500x500,1500H - 500 Step-Up,RIGHT Raked Panels,JG,flat_top,FTP-RP1500-B-JG,FTP-RP1500-CPC-JG,FTP-RP1500-CPC-JG,FTP-RP1500-CPC-JG,OFF,,,,,,,,,,,,
right_raked_panel+1600x600,1600H - 600 Step-Up,RIGHT Raked Panels,JG,flat_top,FTP-RP1600-B-JG,FTP-RP1600-CPC-JG,FTP-RP1600-CPC-JG,FTP-RP1600-CPC-JG,OFF,,,,,,,,,,,,
right_raked_panel+1700x700,1700H - 700 Step-Up,RIGHT Raked Panels,JG,flat_top,FTP-RP1700-B-JG,FTP-RP1700-CPC-JG,FTP-RP1700-CPC-JG,FTP-RP1700-CPC-JG,OFF,,,,,,,,,,,,
right_raked_panel+1800x600,1800H - 600 Step-Up,RIGHT Raked Panels,JG,flat_top,FTP-RP1800-B-JG,FTP-RP1800-CPC-JG,FTP-RP1800-CPC-JG,FTP-RP1800-CPC-JG,OFF,,,,,,,,,,,,
gate,Gate,PoolSafe Gate Black 1200H x 970W,JG,flat_top,FTP-G970-B-JG,FTP-G970-W-JG,FTP-G970-M-JG,FTP-G970-C-JG,OFF,,,,,,,,,,,,
gate+converter,Gate Converter,PoolSafe Gate-Converter Black 1200H,JG,flat_top,FTP-GC1200-B-JG,FTP-GC1200-W-JG,FTP-GC1200-M-JG,FTP-GC1200-C-JG,OFF,,,,,,,,,,,,
panel_post+opt-1,Post - 1300,PoolSafe Post Black 1300Lase Plated,JG,flat_top,PO-1300-B-JG,PO-1300-W-JG,PO-1300-M-JG,PO-1300-C-JG,OFF,,,,,,,,,,,,
panel_post+opt-2,Post - 1800,PoolSafe Post Black 1800L,JG,flat_top,PO-1800-B-JG,PO-1800-W-JG,PO-1800-M-JG,PO-1800-C-JG,OFF,,,,,,,,,,,,
raked_post+opt-1,Post - 1900,PoolSafe Post Black 1900L,JG,flat_top,PO-1900-B-JG,PO-1900-W-JG,PO-1900-M-JG,PO-1900-C-JG,OFF,,,,,,,,,,,,
raked_post+opt-2,Post - 2400,PoolSafe Post Black 2400L - Cemented-In,JG,flat_top,PO-2400-B-JG,PO-2400-W-JG,PO-2400-M-JG,PO-2400-C-JG,OFF,,,,,,,,,,,,
base_plate+post_cover,Post Cover,PoolSafe Post Cover - 2pc - 50x50mmlack,JG,flat_top,PO-COV-2P-B-JG,PO-COV-2P-W-JG,PO-COV-2P-M-JG,PO-COV-2P-C-JG,OFF,,,,,,,,,,,,
panel_options+bracket,Bracket - STD,PoolSafe Bracket Black x4,JG,flat_top,FTP-BRx4-B-JG,FTP-BRx4-W-JG,FTP-BRx4-M-JG,FTP-BRx4-C-JG,OFF,,,,,,,,,,,,
swivel_brackets,Bracket - Flex,PoolSafe Flex Bracket Black,JG,flat_top,FTP-BRFx1-B-JG,FTP-BRFx1-B-JG,FTP-BRFx1-B-JG,FTP-BRFx1-B-JG,OFF,,,,,,,,,,,,
gate+kit,Kit,SafeTech Hinge & Latch Kit - HD Adjustable Self Closing,JG,flat_top,KIT-HL-MTP-HD-B-JG,KIT-HL-MTP-HD-B-JG,KIT-HL-MTP-HD-B-JG,KIT-HL-MTP-HD-B-JG,OFF,,,,,,,,,,,,
base_plate+dynabolts,Fasteners,Dynabolts M10 x 120mm Stainless Steel x4,JG,flat_top,FFX-DB-M10-120-4PK-SS-JG,FFX-DB-M10-120-4PK-SS-JG,FFX-DB-M10-120-4PK-SS-JG,FFX-DB-M10-120-4PK-SS-JG,OFF,,,,,,,,,,,,
gate+hinges,Hinges,SafeTech Hinges - Adjustable Self Closing,JG,flat_top,HIN-HD-ASC-B-JG,HIN-HD-ASC-B-JG,HIN-HD-ASC-B-JG,HIN-HD-ASC-B-JG,OFF,,,,,,,,,,,,
gate+latch,Latch,SafeTech Latch - Magnetic Top Pull - Keyless,JG,flat_top,LAT-MTP-B-JG,LAT-MTP-B-JG,LAT-MTP-B-JG,LAT-MTP-B-JG,OFF,,,,,,,,,,,,
base_plate+post_cap,Post Cap,PoolSafe Post Cap,JG,flat_top,PO-CAP-B-JG,OFF,OFF,OFF,OFF,,,,,,,,,,,,
panel_options+bracket,Bracket - STD,PoolSafe Bracket Black x4,GO,flat_top,FTP-BRx4-B-GO,FTP-BRx4-W-GO,FTP-BRx4-M-GO,OFF,OFF,,,,,,,,,,,,
gate,Gate,PoolSafe Gate Black 1200H x 970W,GO,flat_top,FTP-G975-B-GO,FTP-G975-W-GO,FTP-G975-M-GO,OFF,OFF,,,,,,,,,,,,
gate+converter,Gate Converter,PoolSafe Gate-Converter Black 1200H,GO,flat_top,FTP-GC1200-B-GO,FTP-GC1200-W-GO,FTP-GC1200-M-GO,OFF,OFF,,,,,,,,,,,,
panel_options+even+2400,Panel - STD,PoolSafe Panel Black 1200H x 2400W,GO,flat_top,FTP-P2450-B-GO,FTP-P2450-W-GO,FTP-P2450-M-GO,OFF,OFF,,,,,,,,,,,,
panel_options+full+2400,Panel - STD,PoolSafe Panel Black 1200H x 2400W,GO,flat_top,FTP-P2450-B-GO,FTP-P2450-W-GO,FTP-P2450-M-GO,OFF,OFF,,,,,,,,,,,,
panel_options+full+3000,Panel - 3m,PoolSafe Panel Black 1200H x 3000W,GO,flat_top,FTP-P3000-B-GO,FTP-P3000-B-GO,FTP-P3000-B-GO,OFF,FTP-P3000-CPC-JG,,,,,,,,,,,,
gate+hinges,Hinges,SafeTech Hinges - Adjustable Self Closing,GO,flat_top,HIN-HD-ASC-B-GO,HIN-HD-ASC-W-GO,HIN-HD-ASC-B-GO,OFF,OFF,,,,,,,,,,,,
gate+kit,Kit,SafeTech Hinge & Latch Kit - HD Adjustable Self Closing,GO,flat_top,KIT-HL-MTP-HD-B-GO,KIT-HL-MTP-HD-W-GO,KIT-HL-MTP-HD-B-GO,OFF,OFF,,,,,,,,,,,,
gate+latch,Latch,SafeTech Latch - Magnetic Top Pull - Keyless,GO,flat_top,LAT-MTP-B-GO,LAT-MTP-W-GO,LAT-MTP-B-GO,OFF,OFF,,,,,,,,,,,,
panel_post+opt-1,Post - 1300,PoolSafe Post Black 1300Lase Plated,GO,flat_top,PO-1300-B-GO,PO-1300-W-GO,PO-1300-M-GO,OFF,OFF,,,,,,,,,,,,
panel_post+opt-2,Post - 1800,PoolSafe Post Black 1800L,GO,flat_top,PO-1800-B-GO,PO-1800-W-GO,PO-1800-M-GO,OFF,OFF,,,,,,,,,,,,
raked_post+opt-2,Post - 2400,PoolSafe Post Black 2400L - Cemented-In,GO,flat_top,PO-2400-B-GO,PO-2400-W-GO,PO-2400-M-GO,OFF,OFF,,,,,,,,,,,,
base_plate+post_cap,Post Cap,PoolSafe Post Cap,GO,flat_top,PO-CAP-B-GO,OFF,OFF,OFF,OFF,,,,,,,,,,,,
base_plate+post_cover,Post Cover,PoolSafe Post Cover - 2pc - 50x50mmlack,GO,flat_top,PO-COV-2P-B-GO,PO-COV-2P-W-GO,PO-COV-2P-M-GO,OFF,OFF,,,,,,,,,,,,
panel_options+even+1000,Panel - 1000H,BARR Panel - 1000H x 1733W,JG,barr,FS-BR-PANEL-1733-1000-B-GO,FS-BR-PANEL-1733-1000-W-GO,,,,,,,,,,,,,,,
panel_options+even+1200,Panel - 1200H,BARR Panel - 1200H x 2205W,JG,barr,FS-BR-PANEL-2205-1200-B-GO,FS-BR-PANEL-2205-1200-W-GO,,,,,,,,,,,,,,,
panel_options+even+1800,Panel - 1800H,BARR Panel 1800H x 1969W,JG,barr,BR-PANEL-1969-1800-B,BR-PANEL-1969-1800-W,,,,,,,,,,,,,,,
panel_options+full+1000,Panel - 1000H,BARR Panel - 1000H x 1733W,JG,barr,FS-BR-PANEL-1733-1000-B-GO,FS-BR-PANEL-1733-1000-W-GO,,,,,,,,,,,,,,,
panel_options+full+1200,Panel - 1200H,BARR Panel - 1200H x 2205W,JG,barr,FS-BR-PANEL-2205-1200-B-GO,FS-BR-PANEL-2205-1200-W-GO,,,,,,,,,,,,,,,
panel_options+full+1800,Panel - 1800H,BARR Panel 1800H x 1969W,JG,barr,BR-PANEL-1969-1800-B,BR-PANEL-1969-1800-W,,,,,,,,,,,,,,,
gate+1000,Gate - 1000H,BARR Gate - 1000H x 975W,JG,barr,,,,,,,,,,,,,,,,,
gate+1200,Gate - 1200H,BARR Gate - 1200H x 975W,JG,barr,BR-GATE-0975-1200-B,BR-GATE-0975-1200-W,,,,,,,,,,,,,,,
gate+1800,Gate - 1800H,BARR Gate - 1800H x 975W,JG,barr,BR-GATE-0975-1800-B,BR-GATE-0975-1800-W,,,,,,,,,,,,,,,
gate+converter+1000,Gate Converter - 1000H,BARR Gate Converter - 1000H,JG,barr,FS-BR-1000-GC-2PK-B-GO,FS-BR-1000-GC-2PK-W -GO,,,,,,,,,,,,,,,
gate+converter+1200,Gate Converter - 1200H,BARR Gate Converter - 1200H,JG,barr,BR-1200-GC-2PK-B,BR-1200-GC-2PK-W,,,,,,,,,,,,,,,
gate+converter+1800,Gate Converter - 1800H,BARR Gate Converter - 1800H,JG,barr,BR-1800-GC-2PK-B,BR-1800-GC-2PK-W,,,,,,,,,,,,,,,
panel_post+opt-1+1000,Post 50x25 - 1280L,PoolSafe Post 1280Lase Plated,JG,barr,BARR-PO-1280L-BP-B-GO,BARR-PO-1280L-BP-W-GO,,,,,,,,,,,,,,,
panel_post+opt-2+1000,Post 50x25 - 1800L,PoolSafe Post 1800L - Cemented In,JG,barr,BARR-PO-1800L-B-GO,BARR-PO-1800L-W-GO,,,,,,,,,,,,,,,
panel_post+opt-1+1200,Post 50x25 - 1280L,PoolSafe Post 1280Lase Plated,JG,barr,BARR-PO-1280L-BP-B-GO,BARR-PO-1280L-BP-W-GO,,,,,,,,,,,,,,,
panel_post+opt-2+1200,Post 50x25 - 1800L,PoolSafe Post 1800L - Cemented In,JG,barr,BARR-PO-1800L-B-GO,BARR-PO-1800L-W-GO,,,,,,,,,,,,,,,
panel_post+opt-1+1800,Post 50x25 - 2400L,PoolSafe Post 2400Lase Plated,JG,barr,PO-2400-BPC-B-GO,PO-2400-BPC-B-GO,,,,,,,,,,,,,,,
panel_post+opt-2+1800,Post 50x25 - 2500L,PoolSafe Post 2500L - Cemented In,JG,barr,BARR-PO-2500L-B-GO,BARR-PO-2500L-W-GO,,,,,,,,,,,,,,,
panel_post_corner+opt-1+1000,Post 50x50 - 1280L,PoolSafe Post 1280Lase Plated,JG,barr,FS-BR-1280-BP-B-GO,FS-BR-1280-BP-W -GO,,,,,,,,,,,,,,,
panel_post_corner+opt-2+1000,Post 50x50 - 1800L,PoolSafe Post 1800L - Cemented In,JG,barr,XP-1800-FP-B,XP-1800-FP-W,,,,,,,,,,,,,,,
panel_post_corner+opt-1+1200,Post 50x50 - 1280L,PoolSafe Post 1280Lase Plated,JG,barr,FS-BR-1280-BP-B-GO,FS-BR-1280-BP-W -GO,,,,,,,,,,,,,,,
panel_post_corner+opt-2+1200,Post 50x50 - 1800L,PoolSafe Post 1800L - Cemented In,JG,barr,XP-1800-FP-B,XP-1800-FP-W,,,,,,,,,,,,,,,
panel_post_corner+opt-1+1800,Post 50x50 - 2400L,PoolSafe Post 2400Lase Plated,JG,barr,XP-2400-FP-B,XP-2400-FP-W,,,,,,,,,,,,,,,
panel_post_corner+opt-2+1800,Post 50x50 - 2500L,PoolSafe Post 2500L - Cemented In,JG,barr,FS-BR-2500-B-GO,FS-BR-2500-W -GO,,,,,,,,,,,,,,,
panel_options+bracket,Bracket - F Type,BARR Brackets x4 F Type,JG,barr,BARR-BRFx4-B-GO,BARR-BRFx4-W-GO,,,,,,,,,,,,,,,
gate+kit,Kit,D&D Magna Latch & Hinge Kit,JG,barr,KIT-HL-MTP-HD-B-GO,KIT-HL-MTP-HD-W-GO,,,,,,,,,,,,,,,
base_plate+dynabolts,Fasteners,FastFixings - TekScrews 12G 100 Pack,JG,barr,FFX-TEK-12G-20-100PK-B-GO,FFX-TEK-12G-20-100PK-W-GO,,,,,,,,,,,,,,,
base_plate+post_cover,Post Cover 50x25,BARR Post Covers - 2 Piece,JG,barr,BARR-PO-COV-2P-B-GO,BARR-PO-COV-2P-W-GO,,,,,,,,,,,,,,,
base_plate+post_cover_corner,Post Cover 50x50,BARR Post Covers - 2 Piece,JG,barr,PO-COV-2P-B-JG,PO-COV-2P-W-JG,,,,,,,,,,,,,,,
gate+kit,Kit,D&D Tru Close - HEAVY DUTY HINGE SET,JG,barr,HIN-HD-ASC-B-GO,HIN-HD-ASC-W-GO,,,,,,,,,,,,,,,
gate+latch,Latch,D&D Magna Latch - TOP PULL LATCH,JG,barr,LAT-MTP-B-GO,LAT-MTP-W-GO,,,,,,,,,,,,,,,
panel_options+even+1000,Panel - 1000H,BARR Panel - 1000H x 1733W,GO,barr,FS-BR-PANEL-1733-1000-B-GO,FS-BR-PANEL-1733-1000-W-GO,,,,,,,,,,,,,,,
panel_options+even+1200,Panel - 1200H,BARR Panel - 1200H x 2205W,GO,barr,FS-BR-PANEL-2205-1200-B-GO,FS-BR-PANEL-2205-1200-W-GO,,,,,,,,,,,,,,,
panel_options+even+1800,Panel - 1800H,BARR Panel 1800H x 1969W,GO,barr,BR-PANEL-1969-1800-B,BR-PANEL-1969-1800-W,,,,,,,,,,,,,,,
panel_options+full+1000,Panel - 1000H,BARR Panel - 1000H x 1733W,GO,barr,FS-BR-PANEL-1733-1000-B-GO,FS-BR-PANEL-1733-1000-W-GO,,,,,,,,,,,,,,,
panel_options+full+1200,Panel - 1200H,BARR Panel - 1200H x 2205W,GO,barr,FS-BR-PANEL-2205-1200-B-GO,FS-BR-PANEL-2205-1200-W-GO,,,,,,,,,,,,,,,
panel_options+full+1800,Panel - 1800H,BARR Panel 1800H x 1969W,GO,barr,BR-PANEL-1969-1800-B,BR-PANEL-1969-1800-W,,,,,,,,,,,,,,,
gate+1000,Gate - 1000H,BARR Gate - 1000H x 975W,GO,barr,,,,,,,,,,,,,,,,,
gate+1200,Gate - 1200H,BARR Gate - 1200H x 975W,GO,barr,BR-GATE-0975-1200-B,BR-GATE-0975-1200-W,,,,,,,,,,,,,,,
gate+1800,Gate - 1800H,BARR Gate - 1800H x 975W,GO,barr,BR-GATE-0975-1800-B,BR-GATE-0975-1800-W,,,,,,,,,,,,,,,
gate+converter+1000,Gate Converter - 1000H,BARR Gate Converter - 1000H,GO,barr,FS-BR-1000-GC-2PK-B-GO,FS-BR-1000-GC-2PK-W -GO,,,,,,,,,,,,,,,
gate+converter+1200,Gate Converter - 1200H,BARR Gate Converter - 1200H,GO,barr,BR-1200-GC-2PK-B,BR-1200-GC-2PK-W,,,,,,,,,,,,,,,
gate+converter+1800,Gate Converter - 1800H,BARR Gate Converter - 1800H,GO,barr,BR-1800-GC-2PK-B,BR-1800-GC-2PK-W,,,,,,,,,,,,,,,
panel_post+opt-1+1000,Post 50x25 - 1280L,PoolSafe Post 1280Lase Plated,GO,barr,BARR-PO-1280L-BP-B-GO,BARR-PO-1280L-BP-W-GO,,,,,,,,,,,,,,,
panel_post+opt-2+1000,Post 50x25 - 1800L,PoolSafe Post 1800L - Cemented In,GO,barr,BARR-PO-1800L-B-GO,BARR-PO-1800L-W-GO,,,,,,,,,,,,,,,
panel_post+opt-1+1200,Post 50x25 - 1280L,PoolSafe Post 1280Lase Plated,GO,barr,BARR-PO-1280L-BP-B-GO,BARR-PO-1280L-BP-W-GO,,,,,,,,,,,,,,,
panel_post+opt-2+1200,Post 50x25 - 1800L,PoolSafe Post 1800L - Cemented In,GO,barr,BARR-PO-1800L-B-GO,BARR-PO-1800L-W-GO,,,,,,,,,,,,,,,
panel_post+opt-1+1800,Post 50x25 - 2400L,PoolSafe Post 2400Lase Plated,GO,barr,PO-2400-BPC-B-GO,PO-2400-BPC-B-GO,,,,,,,,,,,,,,,
panel_post+opt-2+1800,Post 50x25 - 2500L,PoolSafe Post 2500L - Cemented In,GO,barr,BARR-PO-2500L-B-GO,BARR-PO-2500L-W-GO,,,,,,,,,,,,,,,
panel_post_corner+opt-1+1000,Post 50x50 - 1280L,PoolSafe Post 1280Lase Plated,GO,barr,FS-BR-1280-BP-B-GO,FS-BR-1280-BP-W -GO,,,,,,,,,,,,,,,
panel_post_corner+opt-2+1000,Post 50x50 - 1800L,PoolSafe Post 1800L - Cemented In,GO,barr,XP-1800-FP-B,XP-1800-FP-W,,,,,,,,,,,,,,,
panel_post_corner+opt-1+1200,Post 50x50 - 1280L,PoolSafe Post 1280Lase Plated,GO,barr,FS-BR-1280-BP-B-GO,FS-BR-1280-BP-W -GO,,,,,,,,,,,,,,,
panel_post_corner+opt-2+1200,Post 50x50 - 1800L,PoolSafe Post 1800L - Cemented In,GO,barr,XP-1800-FP-B,XP-1800-FP-W,,,,,,,,,,,,,,,
panel_post_corner+opt-1+1800,Post 50x50 - 2400L,PoolSafe Post 2400Lase Plated,GO,barr,XP-2400-FP-B,XP-2400-FP-W,,,,,,,,,,,,,,,
panel_post_corner+opt-2+1800,Post 50x50 - 2500L,PoolSafe Post 2500L - Cemented In,GO,barr,FS-BR-2500-B-GO,FS-BR-2500-W -GO,,,,,,,,,,,,,,,
panel_options+bracket,Bracket - F Type,BARR Brackets x4 F Type,GO,barr,BARR-BRFx4-B-GO,BARR-BRFx4-W-GO,,,,,,,,,,,,,,,
gate+kit,Kit,D&D Magna Latch & Hinge Kit,GO,barr,KIT-HL-MTP-HD-B-GO,KIT-HL-MTP-HD-W-GO,,,,,,,,,,,,,,,
base_plate+dynabolts,Fasteners,FastFixings - TekScrews 12G 100 Pack,GO,barr,FFX-TEK-12G-20-100PK-B-GO,FFX-TEK-12G-20-100PK-W-GO,,,,,,,,,,,,,,,
base_plate+post_cover,Post Cover 50x25,BARR Post Covers - 2 Piece,GO,barr,BARR-PO-COV-2P-B-GO,BARR-PO-COV-2P-W-GO,,,,,,,,,,,,,,,
base_plate+post_cover_corner,Post Cover 50x50,BARR Post Covers - 2 Piece,GO,barr,PO-COV-2P-B-GO,PO-COV-2P-W-GO,,,,,,,,,,,,,,,
gate+kit,Kit,D&D Tru Close - HEAVY DUTY HINGE SET,GO,barr,HIN-HD-ASC-B-GO,HIN-HD-ASC-W-GO,,,,,,,,,,,,,,,
gate+latch,Latch,D&D Magna Latch - TOP PULL LATCH,GO,barr,LAT-MTP-B-GO,LAT-MTP-W-GO,,,,,,,,,,,,,,,
panel_options+1200x200,1200H - 200,Panel,GO,glass_pool,,,,,,C12N-0200,C12N-0200,C12N-0200,,,,,,,,,
panel_options+1200x250,1200H - 250,Panel,GO,glass_pool,,,,,,C12N-0250,C12N-0250,C12N-0250,,,,,,,,,
panel_options+1200x300,1200H - 300,Panel,GO,glass_pool,,,,,,C12N-0300,C12N-0300,C12N-0300,,,,,,,,,
panel_options+1200x350,1200H - 350,Panel,GO,glass_pool,,,,,,C12N-0350,C12N-0350,C12N-0350,,,,,,,,,
panel_options+1200x400,1200H - 400,Panel,GO,glass_pool,,,,,,C12N-0400,C12N-0400,C12N-0400,,,,,,,,,
panel_options+1200x450,1200H - 450,Panel,GO,glass_pool,,,,,,C12N-0450,C12N-0450,C12N-0450,,,,,,,,,
panel_options+1200x500,1200H - 500,Panel,GO,glass_pool,,,,,,C12N-0500,C12N-0500,C12N-0500,,,,,,,,,
panel_options+1200x550,1200H - 550,Panel,GO,glass_pool,,,,,,C12N-0550,C12N-0550,C12N-0550,,,,,,,,,
panel_options+1200x600,1200H - 600,Panel,GO,glass_pool,,,,,,C12N-0600,C12N-0600,C12N-0600,,,,,,,,,
panel_options+1200x650,1200H - 650,Panel,GO,glass_pool,,,,,,C12N-0650,C12N-0650,C12N-0650,,,,,,,,,
panel_options+1200x700,1200H - 700,Panel,GO,glass_pool,,,,,,C12N-0700,C12N-0700,C12N-0700,,,,,,,,,
panel_options+1200x750,1200H - 750,Panel,GO,glass_pool,,,,,,C12N-0750,C12N-0750,C12N-0750,,,,,,,,,
panel_options+1200x800,1200H - 800,Panel,GO,glass_pool,,,,,,C12N-0800,C12N-0800,C12N-0800,,,,,,,,,
panel_options+1200x850,1200H - 850,Panel,GO,glass_pool,,,,,,C12N-0850,C12N-0850,C12N-0850,,,,,,,,,
panel_options+1200x900,1200H - 900,Panel,GO,glass_pool,,,,,,C12N-0900,C12N-0900,C12N-0900,,,,,,,,,
panel_options+1200x950,1200H - 950,Panel,GO,glass_pool,,,,,,C12N-0950,C12N-0950,C12N-0950,,,,,,,,,
panel_options+1200x1000,1200H - 1000,Panel,GO,glass_pool,,,,,,C12N-1000,C12N-1000,C12N-1000,,,,,,,,,
panel_options+1200x1050,1200H - 1050,Panel,GO,glass_pool,,,,,,C12N-1050,C12N-1050,C12N-1050,,,,,,,,,
panel_options+1200x1100,1200H - 1100,Panel,GO,glass_pool,,,,,,C12N-1100,C12N-1100,C12N-1100,,,,,,,,,
panel_options+1200x1150,1200H - 1150,Panel,GO,glass_pool,,,,,,C12N-1150,C12N-1150,C12N-1150,,,,,,,,,
panel_options+1200x1200,1200H - 1200,Panel,GO,glass_pool,,,,,,C12N-1200,C12N-1200,C12N-1200,,,,,,,,,
panel_options+1200x1250,1200H - 1250,Panel,GO,glass_pool,,,,,,C12N-1250,C12N-1250,C12N-1250,,,,,,,,,
panel_options+1200x1300,1200H - 1300,Panel,GO,glass_pool,,,,,,C12N-1300,C12N-1300,C12N-1300,,,,,,,,,
panel_options+1200x1350,1200H - 1350,Panel,GO,glass_pool,,,,,,C12N-1350,C12N-1350,C12N-1350,,,,,,,,,
panel_options+1200x1400,1200H - 1400,Panel,GO,glass_pool,,,,,,C12N-1400,C12N-1400,C12N-1400,,,,,,,,,
panel_options+1200x1450,1200H - 1450,Panel,GO,glass_pool,,,,,,C12N-1450,C12N-1450,C12N-1450,,,,,,,,,
panel_options+1200x1500,1200H - 1500,Panel,GO,glass_pool,,,,,,C12N-1500,C12N-1500,C12N-1500,,,,,,,,,
panel_options+1200x1550,1200H - 1550,Panel,GO,glass_pool,,,,,,C12N-1550,C12N-1550,C12N-1550,,,,,,,,,
panel_options+1200x1600,1200H - 1600,Panel,GO,glass_pool,,,,,,C12N-1600,C12N-1600,C12N-1600,,,,,,,,,
panel_options+1200x1650,1200H - 1650,Panel,GO,glass_pool,,,,,,C12N-1650,C12N-1650,C12N-1650,,,,,,,,,
panel_options+1200x1700,1200H - 1700,Panel,GO,glass_pool,,,,,,C12N-1700,C12N-1700,C12N-1700,,,,,,,,,
panel_options+1200x1750,1200H - 1750,Panel,GO,glass_pool,,,,,,C12N-1750,C12N-1750,C12N-1750,,,,,,,,,
panel_options+1200x1800,1200H - 1800,Panel,GO,glass_pool,,,,,,C12N-1800,C12N-1800,C12N-1800,,,,,,,,,
panel_options+1200x1850,1200H - 1850,Panel,GO,glass_pool,,,,,,C12N-1850,C12N-1850,C12N-1850,,,,,,,,,
panel_options+1200x1900,1200H - 1900,Panel,GO,glass_pool,,,,,,C12N-1900,C12N-1900,C12N-1900,,,,,,,,,
panel_options+1200x1950,1200H - 1950,Panel,GO,glass_pool,,,,,,C12N-1950,C12N-1950,C12N-1950,,,,,,,,,
panel_options+1200x2000,1200H - 2000,Panel,GO,glass_pool,,,,,,C12N-2000,C12N-2000,C12N-2000,,,,,,,,,
left_raked_panel+1400x400,1400H - 400 Step-Up,LEFT Raked Panels,GO,glass_pool,,,,,,C12NRP-1400HT,C12NRP-1400HT,C12NRP-1400HT,,,,,,,,,
left_raked_panel+1500x500,1500H - 500 Step-Up,LEFT Raked Panels,GO,glass_pool,,,,,,C12NRP-1500HT,C12NRP-1500HT,C12NRP-1500HT,,,,,,,,,
left_raked_panel+1600x600,1600H - 600 Step-Up,LEFT Raked Panels,GO,glass_pool,,,,,,C12NRP-1600HT,C12NRP-1600HT,C12NRP-1600HT,,,,,,,,,
left_raked_panel+1700x700,1700H - 700 Step-Up,LEFT Raked Panels,GO,glass_pool,,,,,,C12NRP-1700HT,C12NRP-1700HT,C12NRP-1700HT,,,,,,,,,
left_raked_panel+1800x600,1800H - 600 Step-Up,LEFT Raked Panels,GO,glass_pool,,,,,,C12NRP-1800HT,C12NRP-1800HT,C12NRP-1800HT,,,,,,,,,
right_raked_panel+1400x400,1400H - 400 Step-Up,RIGHT Raked Panels,GO,glass_pool,,,,,,C12NRP-1400HT,C12NRP-1400HT,C12NRP-1400HT,,,,,,,,,
right_raked_panel+1500x500,1500H - 500 Step-Up,RIGHT Raked Panels,GO,glass_pool,,,,,,C12NRP-1500HT,C12NRP-1500HT,C12NRP-1500HT,,,,,,,,,
right_raked_panel+1600x600,1600H - 600 Step-Up,RIGHT Raked Panels,GO,glass_pool,,,,,,C12NRP-1600HT,C12NRP-1600HT,C12NRP-1600HT,,,,,,,,,
right_raked_panel+1700x700,1700H - 700 Step-Up,RIGHT Raked Panels,GO,glass_pool,,,,,,C12NRP-1700HT,C12NRP-1700HT,C12NRP-1700HT,,,,,,,,,
right_raked_panel+1800x600,1800H - 600 Step-Up,RIGHT Raked Panels,GO,glass_pool,,,,,,C12NRP-1800HT,C12NRP-1800HT,C12NRP-1800HT,,,,,,,,,
gate+opt-1+750,Gate - Master - M750mm,Gate,GO,glass_pool,,,,,,C08SLG-0750,C08SLG-0750,C08SLG-0750,,,,,,,,,
gate+opt-1+834,Gate - Master - M834mm,Gate,GO,glass_pool,,,,,,C08SLG-0834,C08SLG-0834,C08SLG-0834,,,,,,,,,
gate+opt-1+890,Gate - Master - M890mm,Gate,GO,glass_pool,,,,,,C08SLG-0890,C08SLG-0890,C08SLG-0890,,,,,,,,,
gate+opt-1+1000,Gate - Master - M1000mm,Gate,GO,glass_pool,,,,,,C08SLG-1000,C08SLG-1000,C08SLG-1000,,,,,,,,,
gate+opt-2+800,Gate - Soft - S800mm,Gate,GO,glass_pool,,,,,,12PGG-0800,12PGG-0800,12PGG-0800,,,,,,,,,
gate+opt-2+900,Gate - Soft - S900mm,Gate,GO,glass_pool,,,,,,12PGG-0900,12PGG-0900,12PGG-0900,,,,,,,,,
gate+opt-2+wall+800,Gate - Soft - S800mm,Gate,GO,glass_pool,,,,,,12PWG-0800,12PWG-0800,12PWG-0800,,,,,,,,,
gate+opt-2+wall+900,Gate - Soft - S900mm,Gate,GO,glass_pool,,,,,,12PWG-0900,12PWG-0900,12PWG-0900,,,,,,,,,
gate_hinge_panel+opt-2+600,Gate Hinge Panel - Soft - 600mm,Gate Hinge Panel,GO,glass_pool,,,,,,C12NPH-0600,C12NPH-0600,C12NPH-0600,,,,,,,,,
gate_hinge_panel+opt-2+800,Gate Hinge Panel - Soft - 800mm,Gate Hinge Panel,GO,glass_pool,,,,,,C12NPH-0800,C12NPH-0800,C12NPH-0800,,,,,,,,,
gate_hinge_panel+opt-2+1000,Gate Hinge Panel - Soft - 1000mm,Gate Hinge Panel,GO,glass_pool,,,,,,C12NPH-1000,C12NPH-1000,C12NPH-1000,,,,,,,,,
gate_hinge_panel+opt-2+1100,Gate Hinge Panel - Soft - 1100mm,Gate Hinge Panel,GO,glass_pool,,,,,,C12NPH-1100,C12NPH-1100,C12NPH-1100,,,,,,,,,
gate_hinge_panel+opt-2+1200,Gate Hinge Panel - Soft - 1200mm,Gate Hinge Panel,GO,glass_pool,,,,,,C12NPH-1200,C12NPH-1200,C12NPH-1200,,,,,,,,,
gate_hinge_panel+opt-2+1300,Gate Hinge Panel - Soft - 1300mm,Gate Hinge Panel,GO,glass_pool,,,,,,C12NPH-1300,C12NPH-1300,C12NPH-1300,,,,,,,,,
gate_hinge_panel+opt-2+1400,Gate Hinge Panel - Soft - 1400mm,Gate Hinge Panel,GO,glass_pool,,,,,,C12NPH-1400,C12NPH-1400,C12NPH-1400,,,,,,,,,
gate_hinge_panel+opt-2+1500,Gate Hinge Panel - Soft - 1500mm,Gate Hinge Panel,GO,glass_pool,,,,,,C12NPH-1500,C12NPH-1500,C12NPH-1500,,,,,,,,,
gate_hinge_panel+opt-2+1600,Gate Hinge Panel - Soft - 1600mm,Gate Hinge Panel,GO,glass_pool,,,,,,C12NPH-1600,C12NPH-1600,C12NPH-1600,,,,,,,,,
gate_hinge_panel+opt-2+1700,Gate Hinge Panel - Soft - 1700mm,Gate Hinge Panel,GO,glass_pool,,,,,,C12NPH-1700,C12NPH-1700,C12NPH-1700,,,,,,,,,
gate_hinge_panel+opt-2+1800,Gate Hinge Panel - Soft - 1800mm,Gate Hinge Panel,GO,glass_pool,,,,,,C12NPH-1800,C12NPH-1800,C12NPH-1800,,,,,,,,,
gate_hinge_panel+opt-1+600,Gate Hinge Panel - Master - 600mm,Gate Hinge Panel,GO,glass_pool,,,,,,C12NH-0600,C12NH-0600,C12NH-0600,,,,,,,,,
gate_hinge_panel+opt-1+800,Gate Hinge Panel - Master - 800mm,Gate Hinge Panel,GO,glass_pool,,,,,,C12NH-0800,C12NH-0800,C12NH-0800,,,,,,,,,
gate_hinge_panel+opt-1+1000,Gate Hinge Panel - Master - 1000mm,Gate Hinge Panel,GO,glass_pool,,,,,,C12NH-1000,C12NH-1000,C12NH-1000,,,,,,,,,
gate_hinge_panel+opt-1+1100,Gate Hinge Panel - Master - 1100mm,Gate Hinge Panel,GO,glass_pool,,,,,,C12NH-1100,C12NH-1100,C12NH-1100,,,,,,,,,
gate_hinge_panel+opt-1+1200,Gate Hinge Panel - Master - 1200mm,Gate Hinge Panel,GO,glass_pool,,,,,,C12NH-1200,C12NH-1200,C12NH-1200,,,,,,,,,
gate_hinge_panel+opt-1+1300,Gate Hinge Panel - Master - 1300mm,Gate Hinge Panel,GO,glass_pool,,,,,,C12NH-1300,C12NH-1300,C12NH-1300,,,,,,,,,
gate_hinge_panel+opt-1+1400,Gate Hinge Panel - Master - 1400mm,Gate Hinge Panel,GO,glass_pool,,,,,,C12NH-1400,C12NH-1400,C12NH-1400,,,,,,,,,
gate_hinge_panel+opt-1+1500,Gate Hinge Panel - Master - 1500mm,Gate Hinge Panel,GO,glass_pool,,,,,,C12NH-1500,C12NH-1500,C12NH-1500,,,,,,,,,
gate_hinge_panel+opt-1+1600,Gate Hinge Panel - Master - 1600mm,Gate Hinge Panel,GO,glass_pool,,,,,,C12NH-1600,C12NH-1600,C12NH-1600,,,,,,,,,
gate_hinge_panel+opt-1+1700,Gate Hinge Panel - Master - 1700mm,Gate Hinge Panel,GO,glass_pool,,,,,,C12NH-1700,C12NH-1700,C12NH-1700,,,,,,,,,
gate_hinge_panel+opt-1+1800,Gate Hinge Panel - Master - 1800mm,Gate Hinge Panel,GO,glass_pool,,,,,,C12NH-1800,C12NH-1800,C12NH-1800,,,,,,,,,
gate_hinge+opt-1,Standard Range Hinge,Gate Hinge,GO,glass_pool,,,,,,MR-GGH-P,MR-GGH-S,MR-GGH-BLK,,,,,,,,,
gate_hinge+opt-2,Soft-Close Range Hinge,Gate Hinge,GO,glass_pool,,,,,,PSC-125GG-P,PSC-125GG-S,PSC-125GG-B,,,,,,,,,
panel_post+opt-1,Spigotase Plated,Spigot,GO,glass_pool,,,,,,LS-DF-SBP-P,LS-DF-SBP-S,LS-DF-SBP-B,,,,,,,,,
panel_post+opt-1-1,Spigotase Plated Insulated,Spigot,GO,glass_pool,,,,,,OFF,PS-SBP-S,PS-SBP-B,,,,,,,,,
panel_post+opt-2,Spigot - Core Drill,Spigot,GO,glass_pool,,,,,,LS-DF-S-P,LS-DF-S-S,LS-DF-S-B,,,,,,,,,
panel_post+opt-2-1,Spigot - Core Drill - Insulated,Spigot,GO,glass_pool,,,,,,OFF,PS-S-S,PS-S-B,,,,,,,,,
panel_post+opt-2-1-1,Spigot - Core-Drill Extended,Spigot,GO,glass_pool,,,,,,POOLMAD-EXT-S-P,POOLMAD-EXT-S-S,POOLMAD-EXT-S-B,,,,,,,,,
side_panel_spacing+PTPA,Angled Panel to Panel Clamp,Clamp,GO,glass_pool,,,,,,GC-RIGISWIV-P,GC-RIGISWIV-S,GC-RIGISWIV-B,,,,,,,,,
side_panel_spacing+PTP90,90deg Panel to Panel Clamp,Clamp,GO,glass_pool,,,,,,GC-RIGI90-P,GC-RIGI90-S,GC-RIGI90-B,,,,,,,,,
side_panel_spacing+PTW,Panel to wall clamp,Clamp,GO,glass_pool,,,,,,GC-D-FB-P,GC-D-FB-S,GC-D-FB-B,,,,,,,,,
side_panel_spacing+PTRP,Panel to Round Post clamp,Clamp,GO,glass_pool,,,,,,GC-D-RB-P,GC-D-RB-S,GC-D-RB-B,,,,,,,,,
fixings_stone,Fixings into Concrete,Fixings (if base plated selected into concrete,GO,glass_pool,,,,,,S-120ROD-4PK,S-120ROD-4PK,S-120ROD-4PK,,,,,,,,,
fixings_wood,Fixings into Wood,Fixings (if base plated selected into wood,GO,glass_pool,,,,,,GS093LAG,GS093LAG,GS093LAG,,,,,,,,,
grout,Grout,Bags of grout (if Core-drilled selected) 1 bag to every 8 spigots rounded up.,GO,glass_pool,,,,,,Grout-SIKA,Grout-SIKA,Grout-SIKA,,,,,,,,,
latch_glass_to_glass,Latch Glass To Glass,Latch - Panel 2 Panel,GO,glass_pool,,,,,,MR-FLGG-P,MR-FLGG-S,MR-FLGG-B,,,,,,,,,
latch_glass_to_wall_post,Latch Glass To Wall / Post,Latch - Panel 2 Post,GO,glass_pool,,,,,,MR-WGLSS-P,MR-WGLSS-S,MR-WGL-B,,,,,,,,,
latch_glass_to_glass90_internal,Latch Glass To Glass 90 DEG Internal,Latch - Panel 2 Panel 90 INT,GO,glass_pool,,,,,,MR-FL90I-P,MR-FL90I-S,MR-FL90I-B,,,,,,,,,
latch_glass_to_glass90_external,Latch Glass To Glass 90 DEG external,Latch - Panel 2 Panel 90 EXT,GO,glass_pool,,,,,,MR-FL90E-P,MR-FL90E-S,MR-FL90E-B,,,,,,,,,
chem_achor+glue,Chem Anchor Glue 280ml Tube,Glue,GO,glass_pool,,,,,,SOUD-CA1400,SOUD-CA1400,SOUD-CA1400,,,,,,,,,
chem_achor+glue_gun,Heavy Duty Cartridge Gun (Suits 280ml Tubes),Cartridge Gun,GO,glass_pool,,,,,,SOUD-GUN,SOUD-GUN,SOUD-GUN,,,,,,,,,
panel_options+1200x200,1200H - 200,Panel,JG,glass_pool,,,,,,C12N-0200,C12N-0200,C12N-0200,,,,,,,,,
panel_options+1200x250,1200H - 250,Panel,JG,glass_pool,,,,,,C12N-0250,C12N-0250,C12N-0250,,,,,,,,,
panel_options+1200x300,1200H - 300,Panel,JG,glass_pool,,,,,,C12N-0300,C12N-0300,C12N-0300,,,,,,,,,
panel_options+1200x350,1200H - 350,Panel,JG,glass_pool,,,,,,C12N-0350,C12N-0350,C12N-0350,,,,,,,,,
panel_options+1200x400,1200H - 400,Panel,JG,glass_pool,,,,,,C12N-0400,C12N-0400,C12N-0400,,,,,,,,,
panel_options+1200x450,1200H - 450,Panel,JG,glass_pool,,,,,,C12N-0450,C12N-0450,C12N-0450,,,,,,,,,
panel_options+1200x500,1200H - 500,Panel,JG,glass_pool,,,,,,C12N-0500,C12N-0500,C12N-0500,,,,,,,,,
panel_options+1200x550,1200H - 550,Panel,JG,glass_pool,,,,,,C12N-0550,C12N-0550,C12N-0550,,,,,,,,,
panel_options+1200x600,1200H - 600,Panel,JG,glass_pool,,,,,,C12N-0600,C12N-0600,C12N-0600,,,,,,,,,
panel_options+1200x650,1200H - 650,Panel,JG,glass_pool,,,,,,C12N-0650,C12N-0650,C12N-0650,,,,,,,,,
panel_options+1200x700,1200H - 700,Panel,JG,glass_pool,,,,,,C12N-0700,C12N-0700,C12N-0700,,,,,,,,,
panel_options+1200x750,1200H - 750,Panel,JG,glass_pool,,,,,,C12N-0750,C12N-0750,C12N-0750,,,,,,,,,
panel_options+1200x800,1200H - 800,Panel,JG,glass_pool,,,,,,C12N-0800,C12N-0800,C12N-0800,,,,,,,,,
panel_options+1200x850,1200H - 850,Panel,JG,glass_pool,,,,,,C12N-0850,C12N-0850,C12N-0850,,,,,,,,,
panel_options+1200x900,1200H - 900,Panel,JG,glass_pool,,,,,,C12N-0900,C12N-0900,C12N-0900,,,,,,,,,
panel_options+1200x950,1200H - 950,Panel,JG,glass_pool,,,,,,C12N-0950,C12N-0950,C12N-0950,,,,,,,,,
panel_options+1200x1000,1200H - 1000,Panel,JG,glass_pool,,,,,,C12N-1000,C12N-1000,C12N-1000,,,,,,,,,
panel_options+1200x1050,1200H - 1050,Panel,JG,glass_pool,,,,,,C12N-1050,C12N-1050,C12N-1050,,,,,,,,,
panel_options+1200x1100,1200H - 1100,Panel,JG,glass_pool,,,,,,C12N-1100,C12N-1100,C12N-1100,,,,,,,,,
panel_options+1200x1150,1200H - 1150,Panel,JG,glass_pool,,,,,,C12N-1150,C12N-1150,C12N-1150,,,,,,,,,
panel_options+1200x1200,1200H - 1200,Panel,JG,glass_pool,,,,,,C12N-1200,C12N-1200,C12N-1200,,,,,,,,,
panel_options+1200x1250,1200H - 1250,Panel,JG,glass_pool,,,,,,C12N-1250,C12N-1250,C12N-1250,,,,,,,,,
panel_options+1200x1300,1200H - 1300,Panel,JG,glass_pool,,,,,,C12N-1300,C12N-1300,C12N-1300,,,,,,,,,
panel_options+1200x1350,1200H - 1350,Panel,JG,glass_pool,,,,,,C12N-1350,C12N-1350,C12N-1350,,,,,,,,,
panel_options+1200x1400,1200H - 1400,Panel,JG,glass_pool,,,,,,C12N-1400,C12N-1400,C12N-1400,,,,,,,,,
panel_options+1200x1450,1200H - 1450,Panel,JG,glass_pool,,,,,,C12N-1450,C12N-1450,C12N-1450,,,,,,,,,
panel_options+1200x1500,1200H - 1500,Panel,JG,glass_pool,,,,,,C12N-1500,C12N-1500,C12N-1500,,,,,,,,,
panel_options+1200x1550,1200H - 1550,Panel,JG,glass_pool,,,,,,C12N-1550,C12N-1550,C12N-1550,,,,,,,,,
panel_options+1200x1600,1200H - 1600,Panel,JG,glass_pool,,,,,,C12N-1600,C12N-1600,C12N-1600,,,,,,,,,
panel_options+1200x1650,1200H - 1650,Panel,JG,glass_pool,,,,,,C12N-1650,C12N-1650,C12N-1650,,,,,,,,,
panel_options+1200x1700,1200H - 1700,Panel,JG,glass_pool,,,,,,C12N-1700,C12N-1700,C12N-1700,,,,,,,,,
panel_options+1200x1750,1200H - 1750,Panel,JG,glass_pool,,,,,,C12N-1750,C12N-1750,C12N-1750,,,,,,,,,
panel_options+1200x1800,1200H - 1800,Panel,JG,glass_pool,,,,,,C12N-1800,C12N-1800,C12N-1800,,,,,,,,,
panel_options+1200x1850,1200H - 1850,Panel,JG,glass_pool,,,,,,C12N-1850,C12N-1850,C12N-1850,,,,,,,,,
panel_options+1200x1900,1200H - 1900,Panel,JG,glass_pool,,,,,,C12N-1900,C12N-1900,C12N-1900,,,,,,,,,
panel_options+1200x1950,1200H - 1950,Panel,JG,glass_pool,,,,,,C12N-1950,C12N-1950,C12N-1950,,,,,,,,,
panel_options+1200x2000,1200H - 2000,Panel,JG,glass_pool,,,,,,C12N-2000,C12N-2000,C12N-2000,,,,,,,,,
left_raked_panel+1400x400,1400H - 400 Step-Up,LEFT Raked Panels,JG,glass_pool,,,,,,C12NRP-1400HT,C12NRP-1400HT,C12NRP-1400HT,,,,,,,,,
left_raked_panel+1500x500,1500H - 500 Step-Up,LEFT Raked Panels,JG,glass_pool,,,,,,C12NRP-1500HT,C12NRP-1500HT,C12NRP-1500HT,,,,,,,,,
left_raked_panel+1600x600,1600H - 600 Step-Up,LEFT Raked Panels,JG,glass_pool,,,,,,C12NRP-1600HT,C12NRP-1600HT,C12NRP-1600HT,,,,,,,,,
left_raked_panel+1700x700,1700H - 700 Step-Up,LEFT Raked Panels,JG,glass_pool,,,,,,C12NRP-1700HT,C12NRP-1700HT,C12NRP-1700HT,,,,,,,,,
left_raked_panel+1800x600,1800H - 600 Step-Up,LEFT Raked Panels,JG,glass_pool,,,,,,C12NRP-1800HT,C12NRP-1800HT,C12NRP-1800HT,,,,,,,,,
right_raked_panel+1400x400,1400H - 400 Step-Up,RIGHT Raked Panels,JG,glass_pool,,,,,,C12NRP-1400HT,C12NRP-1400HT,C12NRP-1400HT,,,,,,,,,
right_raked_panel+1500x500,1500H - 500 Step-Up,RIGHT Raked Panels,JG,glass_pool,,,,,,C12NRP-1500HT,C12NRP-1500HT,C12NRP-1500HT,,,,,,,,,
right_raked_panel+1600x600,1600H - 600 Step-Up,RIGHT Raked Panels,JG,glass_pool,,,,,,C12NRP-1600HT,C12NRP-1600HT,C12NRP-1600HT,,,,,,,,,
right_raked_panel+1700x700,1700H - 700 Step-Up,RIGHT Raked Panels,JG,glass_pool,,,,,,C12NRP-1700HT,C12NRP-1700HT,C12NRP-1700HT,,,,,,,,,
right_raked_panel+1800x600,1800H - 600 Step-Up,RIGHT Raked Panels,JG,glass_pool,,,,,,C12NRP-1800HT,C12NRP-1800HT,C12NRP-1800HT,,,,,,,,,
gate+opt-1+750,Gate - Master - M750mm,Gate,JG,glass_pool,,,,,,C08SLG-0750,C08SLG-0750,C08SLG-0750,,,,,,,,,
gate+opt-1+834,Gate - Master - M834mm,Gate,JG,glass_pool,,,,,,C08SLG-0834,C08SLG-0834,C08SLG-0834,,,,,,,,,
gate+opt-1+890,Gate - Master - M890mm,Gate,JG,glass_pool,,,,,,C08SLG-0890,C08SLG-0890,C08SLG-0890,,,,,,,,,
gate+opt-1+1000,Gate - Master - M1000mm,Gate,JG,glass_pool,,,,,,C08SLG-1000,C08SLG-1000,C08SLG-1000,,,,,,,,,
gate+opt-2+800,Gate - Soft - S800mm,Gate,JG,glass_pool,,,,,,12PGG-0800,12PGG-0800,12PGG-0800,,,,,,,,,
gate+opt-2+900,Gate - Soft - S900mm,Gate,JG,glass_pool,,,,,,12PGG-0900,12PGG-0900,12PGG-0900,,,,,,,,,
gate+opt-2+wall+800,Gate - Soft - S800mm,Gate,JG,glass_pool,,,,,,12PWG-0800,12PWG-0800,12PWG-0800,,,,,,,,,
gate+opt-2+wall+900,Gate - Soft - S900mm,Gate,JG,glass_pool,,,,,,12PWG-0900,12PWG-0900,12PWG-0900,,,,,,,,,
gate_hinge_panel+opt-2+600,Gate Hinge Panel - Soft - 600mm,Gate Hinge Panel,JG,glass_pool,,,,,,C12NPH-0600,C12NPH-0600,C12NPH-0600,,,,,,,,,
gate_hinge_panel+opt-2+800,Gate Hinge Panel - Soft - 800mm,Gate Hinge Panel,JG,glass_pool,,,,,,C12NPH-0800,C12NPH-0800,C12NPH-0800,,,,,,,,,
gate_hinge_panel+opt-2+1000,Gate Hinge Panel - Soft - 1000mm,Gate Hinge Panel,JG,glass_pool,,,,,,C12NPH-1000,C12NPH-1000,C12NPH-1000,,,,,,,,,
gate_hinge_panel+opt-2+1100,Gate Hinge Panel - Soft - 1100mm,Gate Hinge Panel,JG,glass_pool,,,,,,C12NPH-1100,C12NPH-1100,C12NPH-1100,,,,,,,,,
gate_hinge_panel+opt-2+1200,Gate Hinge Panel - Soft - 1200mm,Gate Hinge Panel,JG,glass_pool,,,,,,C12NPH-1200,C12NPH-1200,C12NPH-1200,,,,,,,,,
gate_hinge_panel+opt-2+1300,Gate Hinge Panel - Soft - 1300mm,Gate Hinge Panel,JG,glass_pool,,,,,,C12NPH-1300,C12NPH-1300,C12NPH-1300,,,,,,,,,
gate_hinge_panel+opt-2+1400,Gate Hinge Panel - Soft - 1400mm,Gate Hinge Panel,JG,glass_pool,,,,,,C12NPH-1400,C12NPH-1400,C12NPH-1400,,,,,,,,,
gate_hinge_panel+opt-2+1500,Gate Hinge Panel - Soft - 1500mm,Gate Hinge Panel,JG,glass_pool,,,,,,C12NPH-1500,C12NPH-1500,C12NPH-1500,,,,,,,,,
gate_hinge_panel+opt-2+1600,Gate Hinge Panel - Soft - 1600mm,Gate Hinge Panel,JG,glass_pool,,,,,,C12NPH-1600,C12NPH-1600,C12NPH-1600,,,,,,,,,
gate_hinge_panel+opt-2+1700,Gate Hinge Panel - Soft - 1700mm,Gate Hinge Panel,JG,glass_pool,,,,,,C12NPH-1700,C12NPH-1700,C12NPH-1700,,,,,,,,,
gate_hinge_panel+opt-2+1800,Gate Hinge Panel - Soft - 1800mm,Gate Hinge Panel,JG,glass_pool,,,,,,C12NPH-1800,C12NPH-1800,C12NPH-1800,,,,,,,,,
gate_hinge_panel+opt-1+600,Gate Hinge Panel - Master - 600mm,Gate Hinge Panel,JG,glass_pool,,,,,,C12NH-0600,C12NH-0600,C12NH-0600,,,,,,,,,
gate_hinge_panel+opt-1+800,Gate Hinge Panel - Master - 800mm,Gate Hinge Panel,JG,glass_pool,,,,,,C12NH-0800,C12NH-0800,C12NH-0800,,,,,,,,,
gate_hinge_panel+opt-1+1000,Gate Hinge Panel - Master - 1000mm,Gate Hinge Panel,JG,glass_pool,,,,,,C12NH-1000,C12NH-1000,C12NH-1000,,,,,,,,,
gate_hinge_panel+opt-1+1100,Gate Hinge Panel - Master - 1100mm,Gate Hinge Panel,JG,glass_pool,,,,,,C12NH-1100,C12NH-1100,C12NH-1100,,,,,,,,,
gate_hinge_panel+opt-1+1200,Gate Hinge Panel - Master - 1200mm,Gate Hinge Panel,JG,glass_pool,,,,,,C12NH-1200,C12NH-1200,C12NH-1200,,,,,,,,,
gate_hinge_panel+opt-1+1300,Gate Hinge Panel - Master - 1300mm,Gate Hinge Panel,JG,glass_pool,,,,,,C12NH-1300,C12NH-1300,C12NH-1300,,,,,,,,,
gate_hinge_panel+opt-1+1400,Gate Hinge Panel - Master - 1400mm,Gate Hinge Panel,JG,glass_pool,,,,,,C12NH-1400,C12NH-1400,C12NH-1400,,,,,,,,,
gate_hinge_panel+opt-1+1500,Gate Hinge Panel - Master - 1500mm,Gate Hinge Panel,JG,glass_pool,,,,,,C12NH-1500,C12NH-1500,C12NH-1500,,,,,,,,,
gate_hinge_panel+opt-1+1600,Gate Hinge Panel - Master - 1600mm,Gate Hinge Panel,JG,glass_pool,,,,,,C12NH-1600,C12NH-1600,C12NH-1600,,,,,,,,,
gate_hinge_panel+opt-1+1700,Gate Hinge Panel - Master - 1700mm,Gate Hinge Panel,JG,glass_pool,,,,,,C12NH-1700,C12NH-1700,C12NH-1700,,,,,,,,,
gate_hinge_panel+opt-1+1800,Gate Hinge Panel - Master - 1800mm,Gate Hinge Panel,JG,glass_pool,,,,,,C12NH-1800,C12NH-1800,C12NH-1800,,,,,,,,,
gate_hinge+opt-1,Standard Range Hinge,Gate Hinge,JG,glass_pool,,,,,,MR-GGH-P,MR-GGH-S,MR-GGH-BLK,,,,,,,,,
gate_hinge+opt-2,Soft-Close Range Hinge,Gate Hinge,JG,glass_pool,,,,,,PSC-125GG-P,PSC-125GG-S,PSC-125GG-B,,,,,,,,,
panel_post+opt-1,Spigotase Plated,Spigot,JG,glass_pool,,,,,,LS-DF-SBP-P,LS-DF-SBP-S,LS-DF-SBP-B,,,,,,,,,
panel_post+opt-1-1,Spigotase Plated Insulated,Spigot,JG,glass_pool,,,,,,OFF,PS-SBP-S,PS-SBP-B,,,,,,,,,
panel_post+opt-2,Spigot - Core Drill,Spigot,JG,glass_pool,,,,,,LS-DF-S-P,LS-DF-S-S,LS-DF-S-B,,,,,,,,,
panel_post+opt-2-1,Spigot - Core Drill - Insulated,Spigot,JG,glass_pool,,,,,,OFF,PS-S-S,PS-S-B,,,,,,,,,
panel_post+opt-2-1-1,Spigot - Core-Drill Extended,Spigot,JG,glass_pool,,,,,,POOLMAD-EXT-S-P,POOLMAD-EXT-S-S,POOLMAD-EXT-S-B,,,,,,,,,
side_panel_spacing+PTPA,Angled Panel to Panel Clamp,Clamp,JG,glass_pool,,,,,,GC-RIGISWIV-P,GC-RIGISWIV-S,GC-RIGISWIV-B,,,,,,,,,
side_panel_spacing+PTP90,90deg Panel to Panel Clamp,Clamp,JG,glass_pool,,,,,,GC-RIGI90-P,GC-RIGI90-S,GC-RIGI90-B,,,,,,,,,
side_panel_spacing+PTW,Panel to wall clamp,Clamp,JG,glass_pool,,,,,,GC-D-FB-P,GC-D-FB-S,GC-D-FB-B,,,,,,,,,
side_panel_spacing+PTRP,Panel to Round Post clamp,Clamp,JG,glass_pool,,,,,,GC-D-RB-P,GC-D-RB-S,GC-D-RB-B,,,,,,,,,
fixings_stone,Fixings into Concrete,Fixings (if base plated selected into concrete,JG,glass_pool,,,,,,S-120ROD-4PK,S-120ROD-4PK,S-120ROD-4PK,,,,,,,,,
fixings_wood,Fixings into Wood,Fixings (if base plated selected into wood,JG,glass_pool,,,,,,GS093LAG,GS093LAG,GS093LAG,,,,,,,,,
grout,Grout,Bags of grout (if Core-drilled selected) 1 bag to every 8 spigots rounded up.,JG,glass_pool,,,,,,Grout-SIKA,Grout-SIKA,Grout-SIKA,,,,,,,,,
latch_glass_to_glass,Latch Glass To Glass,Latch - Panel 2 Panel,JG,glass_pool,,,,,,MR-FLGG-P,MR-FLGG-S,MR-FLGG-B,,,,,,,,,
latch_glass_to_wall_post,Latch Glass To Wall / Post,Latch - Panel 2 Post,JG,glass_pool,,,,,,MR-WGLSS-P,MR-WGLSS-S,MR-WGL-B,,,,,,,,,
latch_glass_to_glass90_internal,Latch Glass To Glass 90 DEG Internal,Latch - Panel 2 Panel 90 INT,JG,glass_pool,,,,,,MR-FL90I-P,MR-FL90I-S,MR-FL90I-B,,,,,,,,,
latch_glass_to_glass90_external,Latch Glass To Glass 90 DEG external,Latch - Panel 2 Panel 90 EXT,JG,glass_pool,,,,,,MR-FL90E-P,MR-FL90E-S,MR-FL90E-B,,,,,,,,,
chem_achor+glue,Chem Anchor Glue 280ml Tube,Glue,JG,glass_pool,,,,,,SOUD-CA1400,SOUD-CA1400,SOUD-CA1400,,,,,,,,,
chem_achor+glue_gun,Heavy Duty Cartridge Gun (Suits 280ml Tubes),Cartridge Gun,JG,glass_pool,,,,,,SOUD-GUN,SOUD-GUN,SOUD-GUN,,,,,,,,,
SLUG,PRODUCT,DESCRIPTION,SUPPLIER,STYLE,BLACK,WHITE,MONUMENT,CREAM,CUSTOM,POLISHED_STAINLESS_STEEL,SATIN_STAINLESS_STEEL,MATT_BLACK,PEARL_WHITE_GLOSS,SURFMIST_MATT,DUNE_SATIN,BASALT_SATIN,WOODLAND_GREY_MATT,MONUMENT_MATT,BLACK_SATIN,KWILA_TEXTURED,WESTERN_RED_CEDAR
slat+65,CTS - XPS - 65 x 16.5mm - 1000mm,Slat 65,JG,slat,,,,,,,,,XP-6100-S65-W-CTS,XP-6100-S65-SM-CTS,XP-6100-S65-D-CTS,XP-6100-S65-BS-CTS,XP-6100-S65-G-CTS,XP-6100-S65-MN-CTS,XP-6100-S65-B-CTS,,
slat+90,CTS - QS - 90 x 16.5mm - 1000mm,Slat 90,JG,slat,,,,,,,,,QS-6100-S90-W-CTS,QS-6100-S90-SM-CTS,QS-6100-S90-D-CTS,QS-6100-S90-BS-CTS,QS-6100-S90-G-CTS,QS-6100-S90-MN-CTS,QS-6100-S90-B-CTS,,
slat_spacer+5,CTS - Fence Spacer Block - 5mm (50 pcs),Space 5,JG,slat,,,,,,,,,XPL-SB-50PK-05MM-CTS,XPL-SB-50PK-05MM-CTS,XPL-SB-50PK-05MM-CTS,XPL-SB-50PK-05MM-CTS,XPL-SB-50PK-05MM-CTS,XPL-SB-50PK-05MM-CTS,XPL-SB-50PK-05MM-CTS,XPL-SB-50PK-05MM-CTS,XPL-SB-50PK-05MM-CTS
slat_spacer+9,CTS - Fence Spacer Block - 9 mm (50 pcs),Spacer 9,JG,slat,,,,,,,,,XPL-SB-50PK-09MM-CTS,XPL-SB-50PK-09MM-CTS,XPL-SB-50PK-09MM-CTS,XPL-SB-50PK-09MM-CTS,XPL-SB-50PK-09MM-CTS,XPL-SB-50PK-09MM-CTS,XPL-SB-50PK-09MM-CTS,XPL-SB-50PK-09MM-CTS,XPL-SB-50PK-09MM-CTS
slat_spacer+12,QS - 12mm slat spacer 50 PACK,Space 12,JG,slat,,,,,,,,,WC-64035,WC-64035,WC-64035,WC-64035,WC-64035,WC-64035,WC-64035,WC-64035,WC-64035
slat_spacer+15,CTS - Fence Spacer Block - 15mm,Spacer 15,JG,slat,,,,,,,,,XPL-SB-50PK-05MM-CTS-1,XPL-SB-50PK-05MM-CTS-1,XPL-SB-50PK-05MM-CTS-1,XPL-SB-50PK-05MM-CTS-1,XPL-SB-50PK-05MM-CTS-1,XPL-SB-50PK-05MM-CTS-1,XPL-SB-50PK-05MM-CTS-1,XPL-SB-50PK-05MM-CTS-1,XPL-SB-50PK-05MM-CTS-1
slat_spacer+20,CTS - Fence Spacer Block - 20mm (50 pcs),Spacer 20,JG,slat,,,,,,,,,XPL-SB-50PK-20MM-CTS,XPL-SB-50PK-20MM-CTS,XPL-SB-50PK-20MM-CTS,XPL-SB-50PK-20MM-CTS,XPL-SB-50PK-20MM-CTS,XPL-SB-50PK-20MM-CTS,XPL-SB-50PK-20MM-CTS,XPL-SB-50PK-20MM-CTS,XPL-SB-50PK-20MM-CTS
slat_spacer+30,CTS - Fence Spacer Block - 30 mm (50 pcs),Spacer 30,JG,slat,,,,,,,,,QS-SPACER-30MM-50PK-1,QS-SPACER-30MM-50PK-1,QS-SPACER-30MM-50PK-1,QS-SPACER-30MM-50PK-1,QS-SPACER-30MM-50PK-1,QS-SPACER-30MM-50PK-1,QS-SPACER-30MM-50PK-1,QS-SPACER-30MM-50PK-1,QS-SPACER-30MM-50PK-1
slat_fixings+cement,KwikSet Cement 20kg Bag,Fixing - Cement,JG,slat,,,,,,,,,GROUT-KWIKSET,GROUT-KWIKSET,GROUT-KWIKSET,GROUT-KWIKSET,GROUT-KWIKSET,GROUT-KWIKSET,GROUT-KWIKSET,GROUT-KWIKSET,GROUT-KWIKSET
slat_fixings+glue_tube,Chem Anchor Glue 280ml Tube,Fixing - Glue Tube,JG,slat,,,,,,,,,SOUD-CA1400,SOUD-CA1400,SOUD-CA1400,SOUD-CA1400,SOUD-CA1400,SOUD-CA1400,SOUD-CA1400,SOUD-CA1400,SOUD-CA1400
slat_fixings+thread_rods,4x M10 x 120mm - Threaded Rod (Chemical Anchor Bolts),Fixing - Thread Rod,JG,slat,,,,,,,,,S-120ROD-4PK,S-120ROD-4PK,S-120ROD-4PK,S-120ROD-4PK,S-120ROD-4PK,S-120ROD-4PK,S-120ROD-4PK,S-120ROD-4PK,S-120ROD-4PK
slat_qes+side_frame,CTS - QS - SIDE FRAME - 1000mm,Side Frame,JG,slat,,,,,,,,,QS-5800-SF-W-CTS,QS-5800-SF-SM-CTS,QS-5800-SF-D-CTS,QS-5800-SF-BS-CTS,QS-5800-SF-G-CTS,QS-5800-SF-MN-CTS,QS-5800-SF-B-CTS,,
slat_qes+side_frame_cover,CTS - QS - CONCEALED FIXING COVER - 1000mm,Side Frame Cover,JG,slat,,,,,,,,,QS-5800-CFC-W-CTS,QS-5800-CFC-SM-CTS,QS-5800-CFC-D-CTS,QS-5800-CFC-BS-CTS,QS-5800-CFC-G-CTS,QS-5800-CFC-MN-CTS,QS-5800-CFC-B-CTS,,
sfs+end_caps,CTS - SFS - END PLATE - Side Frame,End Cap,JG,slat,,,,,,,,,XPL-EP-W-2PK-CTS,XPL-EP-SM-2PK-CTS,XPL-EP-D-2PK-CTS,XPL-EP-BS-2PK-CTS,XPL-EP-G-2PK-CTS,XPL-EP-MN-2PK-CTS,XPL-EP-B-2PK-CTS,,
sfs+rail,CTS - SFS - Side Frame - 1000mm,Rail,JG,slat,,,,,,,,,XPL-6000-SF-W-CTS,XPL-6000-SF-SM-CTS,XPL-6000-SF-D-CTS,XPL-6000-SF-BS-CTS,XPL-6000-SF-G-CTS,XPL-6000-SF-MN-CTS,XPL-6000-SF-B-CTS,,
slat_fixings+glue_gun,Heavy Duty Cartridge Gun (Suits 280ml Tubes),Glue Gun,JG,slat,,,,,,,,,SOUD-GUN,SOUD-GUN,SOUD-GUN,SOUD-GUN,SOUD-GUN,SOUD-GUN,SOUD-GUN,SOUD-GUN,SOUD-GUN
slat_post+50x50_1800,Post - 50x50mm x 2400mm Aluminium Slat Fencing Post,Post - 50x50 1800,JG,slat,,,,,,,,,XP-1800-FP-W,XP-1800-FP-SM,XP-1800-FP-D,XP-1800-FP-BS,XP-1800-FP-G,XP-1800-FP-MN,XP-1800-FP-B,,
slat_post+50x50_2400,Post - 50x50mm x 2400mm Aluminium Slat Fencing Post,Post - 50x50 2400,JG,slat,,,,,,,,,XP-2400-FP-W,XP-2400-FP-SM,XP-2400-FP-D,XP-2400-FP-BS,XP-2400-FP-G,XP-2400-FP-MN,XP-2400-FP-B,,
slat_post+50x50_2700,Post - 50x50mm x 2700mm Aluminium Slat Fencing Post,Post - 50x50 2700,JG,slat,,,,,,,,,XP-2700-FP-W,XP-2700-FP-SM,XP-2700-FP-D,XP-2700-FP-BS,XP-2700-FP-G,XP-2700-FP-MN,XP-2700-FP-B,,
slat_post+50x50_6000,Post - 50x50mm x 6000mm Aluminium Slat Fencing Post,Post - 50x50 6000,JG,slat,,,,,,,,,XP-6000-FP-W,XP-6000-FP-SM,XP-6000-FP-D,XP-6000-FP-BS,XP-6000-FP-G,XP-6000-FP-MN,XP-6000-FP-B,,
slat_post+base_plate_cover,DOMICAL COVER - 2 Part - Suits 50MM Posts,Post - Base Plate Cover,JG,slat,,,,,,,,,XP-DC-2P-W,XP-DC-2P-SM,XP-DC-2P-D,XP-DC-2P-BS,XP-DC-2P-G,XP-DC-2P-MN,XP-DC-2P-B,,
slat_post+base_plate_kit,XPRESS Screening - BASE PLATE SET,Post - Base Plate Kit,JG,slat,,,,,,,,,XP-BP-SET-W,XP-BP-SET-SM,XP-BP-SET-D,XP-BP-SET-BS,XP-BP-SET-G,XP-BP-SET-MN,XP-BP-SET-B,,
slat_post+hole_plugs,Post Plug 32mm Diam. - 4PK,Post - Hole Plug,JG,slat,,,,,,,,,SS-POSTPLUG-4PK-1,SS-POSTPLUG-4PK-1,SS-POSTPLUG-4PK-1,SS-POSTPLUG-4PK-1,SS-POSTPLUG-4PK-1,SS-POSTPLUG-4PK-1,SS-POSTPLUG-4PK-1,SS-POSTPLUG-4PK-1,SS-POSTPLUG-4PK-1
slat_gate+hd_rail,CTS - 65 x 45mm Heavy Duty RAIL (with 2 x screw flutes) - 1000mm long,Gate - Heavy Duty RAIL,JG,slat,,,,,,,,,XP-6100-HD6545-W-CTS,XP-6100-HD6545-SM-CTS,XP-6000-HD6545-D-CTS,XP-6100-HD6545-BS-CTS,XP-6100-HD6545-G-CTS,XP-6100-HD6545-MN-CTS,XP-6100-HD6545-B-CTS,,
slat_gate+drop_bolt,300mm DROP BOLT - BLACK Powdercoated(incl 2 x tek screws),Gate - Drop Bolt,JG,slat,,,,,,,,,SS-0300DB-B,SS-0300DB-B,SS-0300DB-B,SS-0300DB-B,SS-0300DB-B,SS-0300DB-B,SS-0300DB-B,,
slat_qes+gate_infill,CTS - XPS - SIDE FRAME INFILL - 1000mm,Gate - Infill,JG,slat,,,,,,,,,XP-XBAT-4200-INF-W-CTS,XP-XBAT-4200-INF-SM-CTS,XP-XBAT-4200-INF-D-CTS,XP-XBAT-4200-INF-BS-CTS,XP-XBAT-4200-INF-G-CTS,XP-XBAT-4200-INF-MN-CTS,XP-XBAT-4200-INF-B-CTS,,
slat_gate+side_frame_20mm,CTS - XPS - GATE SIDE FRAME - 20MM - 1000mm,Gate - Side Frame,JG,slat,,,,,,,,,XP-4200-GSF20-W-CTS,XP-4200-GSF20-SM-CTS,XP-4200-GSF20-D-CTS,XP-4200-GSF20-BS-CTS,XP-4200-GSF20-G-CTS,XP-4200-GSF20-MN-CTS,XP-4200-GSF20-B-CTS,,
slat_gate+side_frame_9mm,CTS - XPS -  GATE SIDE FRAME - 1000mm,Gate - Side Frame,JG,slat,,,,,,,,,XP-4200-GSF09-W-CTS,XP-4200-GSF09-SM-CTS,XP-4200-GSF09-D-CTS,XP-4200-GSF09-BS-CTS,XP-4200-GSF09-G-CTS,XP-4200-GSF09-MN-CTS,XP-4200-GSF09-B-CTS,,
slat_gate+blade_65,CTS - XPS - GATE BLADE - 65 x 16MM,Gate - Blade,JG,slat,,,,,,,,,XP-6100-GB65-W-CTS,XP-6100-GB65-SM-CTS,XP-6100-GB65-D-CTS,XP-6100-GB65-BS-CTS,XP-6100-GB65-G-CTS,XP-6100-GB65-MN-CTS,XP-6100-GB65-B-CTS,,
slat_gate+frame_cap,CTS - XPS - Gate Frame CAP ONLY,Gate - Frame Cap,JG,slat,,,,,,,,,XP-GFC-W-CTS,XP-GFC-SM-CTS,XP-GFC-W-CTS,XP-GFC-BS-CTS,XP-GFC-G-CTS,XP-GFC-MN-CTS,XP-GFC-B-CTS,,
slat_gate+frame_cover,CTS - XPS - GATE FRAME COVER - 26 x 12mm,Gate - Frame Cover,JG,slat,,,,,,,,,XP-4200-GI-W-CTS,XP-4200-GI-SM-CTS,XP-4200-GI-D-CTS,XP-4200-GI-BS-CTS,XP-4200-GI-G-CTS,XP-4200-GI-MN-CTS,XP-4200-GI-B-CTS,,
slat_gate+screws_frame,CTS - XPS GATEFRAME SCREWS - Bag of 10,Gate - Frame Screw,JG,slat,,,,,,,,,XP-SCREWSGF-10pk-CTS,XP-SCREWSGF-10pk-CTS,XP-SCREWSGF-10pk-CTS,XP-SCREWSGF-10pk-CTS,XP-SCREWSGF-10pk-CTS,XP-SCREWSGF-10pk-CTS,XP-SCREWSGF-10pk-CTS,XP-SCREWSGF-10pk-CTS,XP-SCREWSGF-10pk-CTS
slat_gate+latch_deluxe,D&D Lokk Latch - Deluxe Lockable - Alike,Latch - Deluxe,JG,slat,,,,,,,,,LL-DL-KA,LL-DL-KA,LL-DL-KA,LL-DL-KA,LL-DL-KA,LL-DL-KA,LL-DL-KA,LL-DL-KA,LL-DL-KA
slat_gate+handle,D&D Lokk Latch - GATE HANDLE,Gate - Handle,JG,slat,,,,,,,,,LL-GH,LL-GH,LL-GH,LL-GH,LL-GH,LL-GH,LL-GH,,
slat_gate+hinge_truclose,D&D Tru Close - HINGE SET - Heavy Duty,Gate - Hinge,JG,slat,,,,,,,,,TC-H-AT-HD-2L-B,TC-H-AT-HD-2L-B,TC-H-AT-HD-2L-B,TC-H-AT-HD-2L-B,TC-H-AT-HD-2L-B,TC-H-AT-HD-2L-B,TC-H-AT-HD-2L-B,,
slat_gate+screws_flat,XPS SCREWS - Bag of 100,Gate Screw,JG,slat,,,,,,,,,XP-SCREWS-W,XP-SCREWS-SM,XP-SCREWS-D,XP-SCREWS-BS,XP-SCREWS-G,XP-SCREWS-MN,XP-SCREWS-B,,
centre_support_rail,Slat Centre Support Rail White 5800L,Centre Support Rail,JG,slat,,,,,,,,,FS-SL-XP-5800-CSR-W-GO,FS-SL-XP-5800-CSR-SM-GO,FS-SL-XP-5800-CSR-D-GO,FS-SL-XP-5800-CSR-BS-GO,FS-SL-XP-5800-CSR-G-GO,FS-SL-XP-5800-CSR-MN-GO,FS-SL-XP-5800-CSR-B-GO,,
slat+65,CTS - XPS - 65 x 16.5mm - 1000mm,Slat 65,JG,slat_infill,,,,,,,,,XP-6100-S65-W-CTS,XP-6100-S65-SM-CTS,XP-6100-S65-D-CTS,XP-6100-S65-BS-CTS,XP-6100-S65-G-CTS,XP-6100-S65-MN-CTS,XP-6100-S65-B-CTS,,
slat+90,CTS - QS - 90 x 16.5mm - 1000mm,Slat 90,JG,slat_infill,,,,,,,,,QS-6100-S90-W-CTS,QS-6100-S90-SM-CTS,QS-6100-S90-D-CTS,QS-6100-S90-BS-CTS,QS-6100-S90-G-CTS,QS-6100-S90-MN-CTS,QS-6100-S90-B-CTS,,
slat_spacer+5,CTS - Fence Spacer Block - 5mm (50 pcs),Space 5,JG,slat_infill,,,,,,,,,XPL-SB-50PK-05MM-CTS,XPL-SB-50PK-05MM-CTS,XPL-SB-50PK-05MM-CTS,XPL-SB-50PK-05MM-CTS,XPL-SB-50PK-05MM-CTS,XPL-SB-50PK-05MM-CTS,XPL-SB-50PK-05MM-CTS,XPL-SB-50PK-05MM-CTS,XPL-SB-50PK-05MM-CTS
slat_spacer+9,CTS - Fence Spacer Block - 9 mm (50 pcs),Spacer 9,JG,slat_infill,,,,,,,,,XPL-SB-50PK-09MM-CTS,XPL-SB-50PK-09MM-CTS,XPL-SB-50PK-09MM-CTS,XPL-SB-50PK-09MM-CTS,XPL-SB-50PK-09MM-CTS,XPL-SB-50PK-09MM-CTS,XPL-SB-50PK-09MM-CTS,XPL-SB-50PK-09MM-CTS,XPL-SB-50PK-09MM-CTS
slat_spacer+12,QS - 12mm slat spacer 50 PACK,Space 12,JG,slat_infill,,,,,,,,,WC-64035,WC-64035,WC-64035,WC-64035,WC-64035,WC-64035,WC-64035,WC-64035,WC-64035
slat_spacer+15,CTS - Fence Spacer Block - 15mm,Spacer 15,JG,slat_infill,,,,,,,,,XPL-SB-50PK-05MM-CTS-1,XPL-SB-50PK-05MM-CTS-1,XPL-SB-50PK-05MM-CTS-1,XPL-SB-50PK-05MM-CTS-1,XPL-SB-50PK-05MM-CTS-1,XPL-SB-50PK-05MM-CTS-1,XPL-SB-50PK-05MM-CTS-1,XPL-SB-50PK-05MM-CTS-1,XPL-SB-50PK-05MM-CTS-1
slat_spacer+20,CTS - Fence Spacer Block - 20mm (50 pcs),Spacer 20,JG,slat_infill,,,,,,,,,XPL-SB-50PK-20MM-CTS,XPL-SB-50PK-20MM-CTS,XPL-SB-50PK-20MM-CTS,XPL-SB-50PK-20MM-CTS,XPL-SB-50PK-20MM-CTS,XPL-SB-50PK-20MM-CTS,XPL-SB-50PK-20MM-CTS,XPL-SB-50PK-20MM-CTS,XPL-SB-50PK-20MM-CTS
slat_spacer+30,CTS - Fence Spacer Block - 30 mm (50 pcs),Spacer 30,JG,slat_infill,,,,,,,,,QS-SPACER-30MM-50PK-1,QS-SPACER-30MM-50PK-1,QS-SPACER-30MM-50PK-1,QS-SPACER-30MM-50PK-1,QS-SPACER-30MM-50PK-1,QS-SPACER-30MM-50PK-1,QS-SPACER-30MM-50PK-1,QS-SPACER-30MM-50PK-1,QS-SPACER-30MM-50PK-1
slat_fixings+cement,KwikSet Cement 20kg Bag,Fixing - Cement,JG,slat_infill,,,,,,,,,GROUT-KWIKSET,GROUT-KWIKSET,GROUT-KWIKSET,GROUT-KWIKSET,GROUT-KWIKSET,GROUT-KWIKSET,GROUT-KWIKSET,GROUT-KWIKSET,GROUT-KWIKSET
slat_fixings+glue_tube,Chem Anchor Glue 280ml Tube,Fixing - Glue Tube,JG,slat_infill,,,,,,,,,SOUD-CA1400,SOUD-CA1400,SOUD-CA1400,SOUD-CA1400,SOUD-CA1400,SOUD-CA1400,SOUD-CA1400,SOUD-CA1400,SOUD-CA1400
slat_fixings+thread_rods,4x M10 x 120mm - Threaded Rod (Chemical Anchor Bolts),Fixing - Thread Rod,JG,slat_infill,,,,,,,,,S-120ROD-4PK,S-120ROD-4PK,S-120ROD-4PK,S-120ROD-4PK,S-120ROD-4PK,S-120ROD-4PK,S-120ROD-4PK,S-120ROD-4PK,S-120ROD-4PK
slat_qes+side_frame,CTS - QS - SIDE FRAME - 1000mm,Side Frame,JG,slat_infill,,,,,,,,,QS-5800-SF-W-CTS,QS-5800-SF-SM-CTS,QS-5800-SF-D-CTS,QS-5800-SF-BS-CTS,QS-5800-SF-G-CTS,QS-5800-SF-MN-CTS,QS-5800-SF-B-CTS,,
slat_qes+side_frame_cover,CTS - QS - CONCEALED FIXING COVER - 1000mm,Side Frame Cover,JG,slat_infill,,,,,,,,,QS-5800-CFC-W-CTS,QS-5800-CFC-SM-CTS,QS-5800-CFC-D-CTS,QS-5800-CFC-BS-CTS,QS-5800-CFC-G-CTS,QS-5800-CFC-MN-CTS,QS-5800-CFC-B-CTS,,
sfs+end_caps,CTS - SFS - END PLATE - Side Frame,End Cap,JG,slat_infill,,,,,,,,,XPL-EP-W-2PK-CTS,XPL-EP-SM-2PK-CTS,XPL-EP-D-2PK-CTS,XPL-EP-BS-2PK-CTS,XPL-EP-G-2PK-CTS,XPL-EP-MN-2PK-CTS,XPL-EP-B-2PK-CTS,,
sfs+rail,CTS - SFS - Side Frame - 1000mm,Rail,JG,slat_infill,,,,,,,,,XPL-6000-SF-W-CTS,XPL-6000-SF-SM-CTS,XPL-6000-SF-D-CTS,XPL-6000-SF-BS-CTS,XPL-6000-SF-G-CTS,XPL-6000-SF-MN-CTS,XPL-6000-SF-B-CTS,,
slat_fixings+glue_gun,Heavy Duty Cartridge Gun (Suits 280ml Tubes),Glue Gun,JG,slat_infill,,,,,,,,,SOUD-GUN,SOUD-GUN,SOUD-GUN,SOUD-GUN,SOUD-GUN,SOUD-GUN,SOUD-GUN,SOUD-GUN,SOUD-GUN
slat_post+50x50_1800,Post - 50x50mm x 2400mm Aluminium Slat Fencing Post,Post - 50x50 1800,JG,slat_infill,,,,,,,,,XP-1800-FP-W,XP-1800-FP-SM,XP-1800-FP-D,XP-1800-FP-BS,XP-1800-FP-G,XP-1800-FP-MN,XP-1800-FP-B,,
slat_post+50x50_2400,Post - 50x50mm x 2400mm Aluminium Slat Fencing Post,Post - 50x50 2400,JG,slat_infill,,,,,,,,,XP-2400-FP-W,XP-2400-FP-SM,XP-2400-FP-D,XP-2400-FP-BS,XP-2400-FP-G,XP-2400-FP-MN,XP-2400-FP-B,,
slat_post+50x50_2700,Post - 50x50mm x 2700mm Aluminium Slat Fencing Post,Post - 50x50 2700,JG,slat_infill,,,,,,,,,XP-2700-FP-W,XP-2700-FP-SM,XP-2700-FP-D,XP-2700-FP-BS,XP-2700-FP-G,XP-2700-FP-MN,XP-2700-FP-B,,
slat_post+50x50_6000,Post - 50x50mm x 6000mm Aluminium Slat Fencing Post,Post - 50x50 6000,JG,slat_infill,,,,,,,,,XP-6000-FP-W,XP-6000-FP-SM,XP-6000-FP-D,XP-6000-FP-BS,XP-6000-FP-G,XP-6000-FP-MN,XP-6000-FP-B,,
slat_post+base_plate_cover,DOMICAL COVER - 2 Part - Suits 50MM Posts,Post - Base Plate Cover,JG,slat_infill,,,,,,,,,XP-DC-2P-W,XP-DC-2P-SM,XP-DC-2P-D,XP-DC-2P-BS,XP-DC-2P-G,XP-DC-2P-MN,XP-DC-2P-B,,
slat_post+base_plate_kit,XPRESS Screening - BASE PLATE SET,Post - Base Plate Kit,JG,slat_infill,,,,,,,,,XP-BP-SET-W,XP-BP-SET-SM,XP-BP-SET-D,XP-BP-SET-BS,XP-BP-SET-G,XP-BP-SET-MN,XP-BP-SET-B,,
slat_post+hole_plugs,Post Plug 32mm Diam. - 4PK,Post - Hole Plug,JG,slat_infill,,,,,,,,,SS-POSTPLUG-4PK-1,SS-POSTPLUG-4PK-1,SS-POSTPLUG-4PK-1,SS-POSTPLUG-4PK-1,SS-POSTPLUG-4PK-1,SS-POSTPLUG-4PK-1,SS-POSTPLUG-4PK-1,SS-POSTPLUG-4PK-1,SS-POSTPLUG-4PK-1
slat_gate+hd_rail,CTS - 65 x 45mm Heavy Duty RAIL (with 2 x screw flutes) - 1000mm long,Gate - Heavy Duty RAIL,JG,slat_infill,,,,,,,,,XP-6100-HD6545-W-CTS,XP-6100-HD6545-SM-CTS,XP-6000-HD6545-D-CTS,XP-6100-HD6545-BS-CTS,XP-6100-HD6545-G-CTS,XP-6100-HD6545-MN-CTS,XP-6100-HD6545-B-CTS,,
slat_gate+drop_bolt,300mm DROP BOLT - BLACK Powdercoated(incl 2 x tek screws),Gate - Drop Bolt,JG,slat_infill,,,,,,,,,SS-0300DB-B,SS-0300DB-B,SS-0300DB-B,SS-0300DB-B,SS-0300DB-B,SS-0300DB-B,SS-0300DB-B,,
slat_qes+gate_infill,CTS - XPS - SIDE FRAME INFILL - 1000mm,Gate - Infill,JG,slat_infill,,,,,,,,,XP-XBAT-4200-INF-W-CTS,XP-XBAT-4200-INF-SM-CTS,XP-XBAT-4200-INF-D-CTS,XP-XBAT-4200-INF-BS-CTS,XP-XBAT-4200-INF-G-CTS,XP-XBAT-4200-INF-MN-CTS,XP-XBAT-4200-INF-B-CTS,,
slat_gate+side_frame_20mm,CTS - XPS - GATE SIDE FRAME - 20MM - 1000mm,Gate - Side Frame,JG,slat_infill,,,,,,,,,XP-4200-GSF20-W-CTS,XP-4200-GSF20-SM-CTS,XP-4200-GSF20-D-CTS,XP-4200-GSF20-BS-CTS,XP-4200-GSF20-G-CTS,XP-4200-GSF20-MN-CTS,XP-4200-GSF20-B-CTS,,
slat_gate+side_frame_9mm,CTS - XPS -  GATE SIDE FRAME - 1000mm,Gate - Side Frame,JG,slat_infill,,,,,,,,,XP-4200-GSF09-W-CTS,XP-4200-GSF09-SM-CTS,XP-4200-GSF09-D-CTS,XP-4200-GSF09-BS-CTS,XP-4200-GSF09-G-CTS,XP-4200-GSF09-MN-CTS,XP-4200-GSF09-B-CTS,,
slat_gate+blade_65,CTS - XPS - GATE BLADE - 65 x 16MM,Gate - Blade,JG,slat_infill,,,,,,,,,XP-6100-GB65-W-CTS,XP-6100-GB65-SM-CTS,XP-6100-GB65-D-CTS,XP-6100-GB65-BS-CTS,XP-6100-GB65-G-CTS,XP-6100-GB65-MN-CTS,XP-6100-GB65-B-CTS,,
slat_gate+frame_cap,CTS - XPS - Gate Frame CAP ONLY,Gate - Frame Cap,JG,slat_infill,,,,,,,,,XP-GFC-W-CTS,XP-GFC-SM-CTS,XP-GFC-W-CTS,XP-GFC-BS-CTS,XP-GFC-G-CTS,XP-GFC-MN-CTS,XP-GFC-B-CTS,,
slat_gate+frame_cover,CTS - XPS - GATE FRAME COVER - 26 x 12mm,Gate - Frame Cover,JG,slat_infill,,,,,,,,,XP-4200-GI-W-CTS,XP-4200-GI-SM-CTS,XP-4200-GI-D-CTS,XP-4200-GI-BS-CTS,XP-4200-GI-G-CTS,XP-4200-GI-MN-CTS,XP-4200-GI-B-CTS,,
slat_gate+screws_frame,CTS - XPS GATEFRAME SCREWS - Bag of 10,Gate - Frame Screw,JG,slat_infill,,,,,,,,,XP-SCREWSGF-10pk-CTS,XP-SCREWSGF-10pk-CTS,XP-SCREWSGF-10pk-CTS,XP-SCREWSGF-10pk-CTS,XP-SCREWSGF-10pk-CTS,XP-SCREWSGF-10pk-CTS,XP-SCREWSGF-10pk-CTS,XP-SCREWSGF-10pk-CTS,XP-SCREWSGF-10pk-CTS
slat_gate+latch_deluxe,D&D Lokk Latch - Deluxe Lockable - Alike,Latch - Deluxe,JG,slat_infill,,,,,,,,,LL-DL-KA,LL-DL-KA,LL-DL-KA,LL-DL-KA,LL-DL-KA,LL-DL-KA,LL-DL-KA,LL-DL-KA,LL-DL-KA
slat_gate+handle,D&D Lokk Latch - GATE HANDLE,Gate - Handle,JG,slat_infill,,,,,,,,,LL-GH,LL-GH,LL-GH,LL-GH,LL-GH,LL-GH,LL-GH,,
slat_gate+hinge_truclose,D&D Tru Close - HINGE SET - Heavy Duty,Gate - Hinge,JG,slat_infill,,,,,,,,,TC-H-AT-HD-2L-B,TC-H-AT-HD-2L-B,TC-H-AT-HD-2L-B,TC-H-AT-HD-2L-B,TC-H-AT-HD-2L-B,TC-H-AT-HD-2L-B,TC-H-AT-HD-2L-B,,
slat_gate+screws_flat,XPS SCREWS - Bag of 100,Gate Screw,JG,slat_infill,,,,,,,,,XP-SCREWS-W,XP-SCREWS-SM,XP-SCREWS-D,XP-SCREWS-BS,XP-SCREWS-G,XP-SCREWS-MN,XP-SCREWS-B,,
centre_support_rail,Slat Centre Support Rail White 5800L,Centre Support Rail,JG,slat_infill,,,,,,,,,FS-SL-XP-5800-CSR-W-GO,FS-SL-XP-5800-CSR-SM-GO,FS-SL-XP-5800-CSR-D-GO,FS-SL-XP-5800-CSR-BS-GO,FS-SL-XP-5800-CSR-G-GO,FS-SL-XP-5800-CSR-MN-GO,FS-SL-XP-5800-CSR-B-GO,,
